[{
    "id": 1,
    "nom": "Fauteuils",
    "produit": [{
        "id": 1,
        "nom": "fauteuil royal",
        "image": "images/chairD.png",
        "description": "chaise royale pour se croire comme dans un royaume",
        "prix": 350
      },
      {
        "id": 2,
        "nom": "fauteuil en bois",
        "image": "images/chair.png",
        "description": "chaise en bois pour se reposer",
        "prix": 250
      },
      {
        "id": 3,
        "nom": "fauteuil de salon",
        "image": "images/chairA.png",
        "description": "chaise de salon pour un salon classe",
        "prix": 450
      },
      {
        "id": 4,
        "nom": "fauteuil de trasse plate ",
        "image": "images/chairC.png",
        "description": "chaise de Terasse pour une terasse reposante",
        "prix": 250
      },
      {
        "id": 5,
        "nom": "fauteuil de terasse haute",
        "image": "images/chairE.png",
        "description": "chaise de Terasse haute pour se balancer",
        "prix": 284
      },
      {
        "id": 5,
        "nom": "fauteuil importé",
        "image": "images/chairZ.png",
        "description": "fauteil importé berge pour embellir votre salon",
        "prix": 284
      }
    ]


  },
  {
    "id": 2,
    "nom": "Chaussures",
    "produit": [{
        "id": 1,
        "nom": "Nike sport",
        "image": "images/nike.png",
        "description": "Nike sport rouge ",
        "prix": 350
      },
      {
        "id": 2,
        "nom": "Nike air",
        "image": "images/ni.jpg",
        "description": "Nike air noir",
        "prix": 250
      },
      {
        "id": 3,
        "nom": "addidas sport",
        "image": "images/nikezo.jpg",
        "description": "addidas sport couleur dégradé",
        "prix": 450
      },
      {
        "id": 4,
        "nom": "nike puissance",
        "image": "images/shoes.jpeg",
        "description": "nike puissance coleur sombre",
        "prix": 250
      },
      {
        "id": 5,
        "nom": "warach air",
        "image": "images/shoes.jpg",
        "description": "warach air sport rouge noir",
        "prix": 334
      },
      {
        "id": 6,
        "nom": "ballérine haute",
        "image": "images/rougetalon.jpg",
        "description": "ballérine haute rouge",
        "prix": 484
      },
      {
        "id": 7,
        "nom": "Talon glamour",
        "image": "images/talon.jpg",
        "description": "Talon glamour rose pour toutes vos sortie chic",
        "prix": 654
      },
      {
        "id": 7,
        "nom": "Talon ouvert rouge",
        "image": "images/talonrouge.jpg",
        "description": "Talon ouvert rouge rester toujours fraiche quelques soit votre occupation",
        "prix": 453
      },
      {
        "id": 8,
        "nom": "Talon transparent",
        "image": "images/trans.jpg",
        "description": "Talon transparent glamour et chic",
        "prix": 453
      }
    ]


  },
  {
    "id": 3,
    "nom": "Vêtements",
    "produit": [{
        "id": 1,
        "nom": "chemise manche long ",
        "image": "images/chemise.jpg",
        "description": "chemise manche long rayé ",
        "prix": 239
      },
      {
        "id": 2,
        "nom": "robe rayé",
        "image": "images/robe.jpg",
        "description": "robe rayé blanc noir",
        "prix": 320
      },
      {
        "id": 3,
        "nom": "robe noir ",
        "image": "images/roubenoir.jpg",
        "description": "robe noir de soirée",
        "prix": 647
      },
      {
        "id": 4,
        "nom": "pull over gris",
        "image": "images/gris.jpg",
        "description": "pull over gris sans capuch",
        "prix": 346
      },
      {
        "id": 5,
        "nom": "robe blanche",
        "image": "images/robeblanche.jpg",
        "description": "robe blanche de mariage et de soirée",
        "prix": 454
      },
      {
        "id": 6,
        "nom": "robe fendi",
        "image": "images/gris.jpg",
        "description": "robe fendi pour vos sorties chic",
        "prix": 478
      },
      {
        "id": 7,
        "nom": "casquette vuiton",
        "image": "images/vuiton.jpg",
        "description": "casquette vuiton toujours stylé",
        "prix": 578
      },
      {
        "id": 8,
        "nom": "sac Coco Chanel",
        "image": "images/sac.jpg",
        "description": "sac Coco Chanel pour toute vos sortie",
        "prix": 835
      },
      {
        "id": 9,
        "nom": "tee shirt",
        "image": "images/noir.jpg",
        "description": "tee shirt noir",
        "prix": 835
      },
      {
        "id": 10,
        "nom": "porte monnai gucci",
        "image": "images/gucci.jpg",
        "description": "porte monnai gucci toujours stylé ",
        "prix": 433
      }
    ]


  },
  {
    "id": 4,
    "nom": "Téléphone",
    "produit": [{
        "id": 1,
        "nom": "Iphone X",
        "image": "images/x.png",
        "description": "Iphone X 10Go Ram 250Go Rom ",
        "prix": 739
      },
      {
        "id": 2,
        "nom": "Samsung s7",
        "image": "images/sam.jpg",
        "description": "Samsung s7 8Go Ram 70Go Rom ",
        "prix": 620
      },
      {
        "id": 3,
        "nom": "Nexus E8",
        "image": "images/nexus.jpg",
        "description": "Nexus E8 2Go Ram 32Go Rom ",
        "prix": 320
      },
      {
        "id": 4,
        "nom": "LG E174",
        "image": "images/lg.jpg",
        "description": "LG E174 camera 12px 1Go Ram 12Go Rom ",
        "prix": 320
      },
      {
        "id": 5,
        "nom": "Macbook pro",
        "image": "images/macbook.jpg",
        "description": "Macbook Pro core I5 12Go RAM 1To ROM",
        "prix": 4840
      },
      {
        "id": 6,
        "nom": "Imac",
        "image": "images/imac.jpg",
        "description": "Imac  core I4 5Go RAM 5Go ROM",
        "prix": 3478
      }
    ]


  },
  {
    "id": 5,
    "nom": "Electroménagés",
    "produit": [{
        "id": 1,
        "nom": "Refrigirateur Samsung",
        "image": "images/frigo.jpg",
        "description": "Refrigirateur Samsung blanc ",
        "prix": 439
      },
      {
        "id": 2,
        "nom": "Machine à laver Samasung",
        "image": "images/machine.jpg",
        "description": "Machine à laver Samasung 30kg",
        "prix": 632
      },
      {
        "id": 3,
        "nom": "Fontaine d'eau ",
        "image": "images/airport.jpg",
        "description": "Fontaine d'eau electrique",
        "prix": 378
      },
      {
        "id": 4,
        "nom": "Aspirateur Samsung",
        "image": "images/aspirateur.jpg",
        "description": "Aspirateur Samsung 220v",
        "prix": 148
      },
      {
        "id": 5,
        "nom": "tv écran plat LG",
        "image": "images/tv.jpg",
        "description": "tv écran plat LG ",
        "prix": 540
      },
      {
        "id": 6,
        "nom": "Casque avec fil ",
        "image": "images/casque.jpg",
        "description": "Casque avec fil rouge noir",
        "prix": 130
      },
      {
        "id": 7,
        "nom": "electro",
        "image": "images/electro.jpg",
        "description": "electro super puissant",
        "prix": 452
      },
      {
        "id": 8,
        "nom": "Apple",
        "image": "images/ap.jpg",
        "description": "Apple super puissant",
        "prix": 752
      }
    ]


  },
  {
    "id": 5,
    "nom": "Nourritures",
    "produit": [{
        "id": 1,
        "nom": "Chees buger",
        "image": "images/bug.jpg",
        "description": "Chees buger avec supplement",
        "prix": 439
      },
      {
        "id": 2,
        "nom": "double Chees buger",
        "image": "images/burg.jpg",
        "description": "double Chees buger 2fois plus de viande",
        "prix": 632
      },
      {
        "id": 3,
        "nom": "Burger king",
        "image": "images/burger.jpg",
        "description": "Burger king toujours vous offrir le meilleur",
        "prix": 378
      },
      {
        "id": 4,
        "nom": "donut à la fraise",
        "image": "images/donut.jpg",
        "description": "donut à la fraise 12k",
        "prix": 148
      },
      {
        "id": 5,
        "nom": "McDo",
        "image": "images/mcdo.png",
        "description": "Mc Dona",
        "prix": 128
      },
      {
        "id": 6,
        "nom": "KFC",
        "image": "images/kfc.png",
        "description": "KFC complet ",
        "prix": 73
      }

    ]


  }
]